<?xml version="1.0" encoding="UTF-8" standalone="no"?>
<!-- Generated 15 mar 2023 10:39:43 by Hibernate Tools 6.1.5.Final --><!DOCTYPE hibernate-mapping PUBLIC "-//Hibernate/Hibernate Mapping DTD 3.0//EN" "http://www.hibernate.org/dtd/hibernate-mapping-3.0.dtd">
<hibernate-mapping>
    <class name="com.fran.biblioteca2.entidades.Libros" optimistic-lock="none" table="libros">
        <id name="id" type="int">
            <column name="id"/>
            <generator class="assigned"/>
        </id>
        <many-to-one class="com.fran.biblioteca2.entidades.Autores" fetch="select" name="autores">
            <column length="5" name="codautor"/>
        </many-to-one>
        <property name="titulo" type="string">
            <column length="60" name="titulo"/>
        </property>
    </class>
</hibernate-mapping>
